product_series,family,subtype,data_source,d_mm,dw_mm,Mmax_Nm,D_mm,l_mm,e_mm,H_mm,A_mm,d1_mm,MA_Nm,Z_count,S_spec,DIN_spec,class_spec,nmax_rpm,pN_N_per_mm2,I_kgm2,weight_kg
3171,interference,shrink_disc_2part,TAS_SCHAEFER_catalog,14,11,36,38,10,1,11,26,15,12,3,M 6 x 10,933,10.9,15078,386,1.54E-05,0.08
3171,interference,shrink_disc_2part,TAS_SCHAEFER_catalog,16,13,75,41,13.5,1.5,15,28,17,12,3,M 6 x 12,933,10.9,13975,431,2.85E-05,0.12
3171,interference,shrink_disc_2part,TAS_SCHAEFER_catalog,18,15,100,44,13.5,1.5,15,30,19,12,3,M 6 x 12,933,10.9,13022,389,3.76E-05,0.13
3171,interference,shrink_disc_2part,TAS_SCHAEFER_catalog,20,17,150,47,13.5,1.5,15,32,22,12,3,M 6 x 12,933,10.9,12191,342,4.88E-05,0.15
3171,interference,shrink_disc_2part,TAS_SCHAEFER_catalog,24,20,215,50,16,2,18,36,26,12,4,M 6 x 16,933,10.9,11459,329,7.34E-05,0.19
3171,interference,shrink_disc_2part,TAS_SCHAEFER_catalog,30,25,430,60,18,2,20,44,32,12,6,M 6 x 16,933,10.9,9549,341,0.0001689,0.3
3171,interference,shrink_disc_2part,TAS_SCHAEFER_catalog,36,30,740,72,20,2,22,52,38,30,5,M 8 x 20,933,10.9,7958,483,0.0003786,0.47
3171,interference,shrink_disc_2part,TAS_SCHAEFER_catalog,38,32,760,72,20,2,22,53,40,30,5,M 8 x 20,933,10.9,7958,460,0.0003725,0.45
3171,interference,shrink_disc_2part,TAS_SCHAEFER_catalog,44,35,790,80,22,2,24,61,47,30,5,M 8 x 20,933,10.9,7162,341,0.0006151,0.59
3171,interference,shrink_disc_2part,TAS_SCHAEFER_catalog,50,40,1370,90,23.5,2.5,26,68,53,30,7,M 8 x 20,933,10.9,6366,386,0.0010705,0.81
3171,interference,shrink_disc_2part,TAS_SCHAEFER_catalog,55,45,1840,100,26,3,29,72,58,30,8,M 8 x 20,933,10.9,5730,360,0.0018431,1.13
3171,interference,shrink_disc_2part,TAS_SCHAEFER_catalog,62,50,1990,110,26,3,29,80,66,30,8,M 8 x 20,933,10.9,5209,318,0.0026706,1.34
3171,interference,shrink_disc_2part,TAS_SCHAEFER_catalog,68,55,2460,115,26,3,29,86,72,30,9,M 8 x 20,933,10.9,4982,329,0.0031146,1.4
3171,interference,shrink_disc_2part,TAS_SCHAEFER_catalog,75,60,3830,138,27,4,31,100,79,59,8,M 10 x 25,933,10.9,4152,424,0.0070393,2.28
3171,interference,shrink_disc_2part,TAS_SCHAEFER_catalog,80,65,4240,138,27,4,31,104,84,59,8,M 10 x 25,933,10.9,4152,399,0.0068412,2.15
3171,interference,shrink_disc_2part,TAS_SCHAEFER_catalog,85,68,6000,155,34,4,38,114,94,59,10,M 10 x 30,933,10.9,3697,338,0.0138071,3.53
3171,interference,shrink_disc_2part,TAS_SCHAEFER_catalog,90,70,5830,155,34,4,38,114,94,59,10,M 10 x 30,933,10.9,3697,338,0.0134544,3.35
3171,interference,shrink_disc_2part,TAS_SCHAEFER_catalog,100,75,7400,170,39,4,43,124,104,59,12,M 10 x 30,933,10.9,3370,305,0.0220976,4.54
3171,interference,shrink_disc_2part,TAS_SCHAEFER_catalog,105,80,10000,185,44,5,49,136,114,100,10,M 12 x 30,933,10.9,3097,308,0.036286,6.42
3171,interference,shrink_disc_2part,TAS_SCHAEFER_catalog,110,85,11700,185,44,5,49,136,114,100,10,M 12 x 30,933,10.9,3097,308,0.0354267,6.12
3171,interference,shrink_disc_2part,TAS_SCHAEFER_catalog,125,95,14900,215,47.5,5.5,53,160,134,100,12,M 12 x 35,933,10.9,2665,284,0.0703948,9.11
3171,interference,shrink_disc_2part,TAS_SCHAEFER_catalog,130,100,19600,215,47.5,5.5,53,160,134,100,12,M 12 x 35,933,10.9,2665,284,0.0688524,8.73
3171,interference,shrink_disc_2part,TAS_SCHAEFER_catalog,135,100,20400,230,52,6,58,173,145,160,10,M 14 x 40,933,10.9,2491,284,0.1009972,11.4
3171,interference,shrink_disc_2part,TAS_SCHAEFER_catalog,140,105,19000,230,52,6,58,173,145,160,10,M 14 x 40,933,10.9,2491,284,0.0988674,10.9
3171,interference,shrink_disc_2part,TAS_SCHAEFER_catalog,150,110,26400,263,56,6,62,190,164,160,12,M 14 x 40,933,10.9,2179,274,0.186446,16.3
3171,interference,shrink_disc_2part,TAS_SCHAEFER_catalog,155,115,27200,263,56,6,62,190,164,160,12,M 14 x 40,933,10.9,2179,274,0.1833539,15.7
3171,interference,shrink_disc_2part,TAS_SCHAEFER_catalog,160,120,32000,263,56,6,62,190,164,160,12,M 14 x 40,933,10.9,2179,274,0.1799476,15.2
3171,interference,shrink_disc_2part,TAS_SCHAEFER_catalog,165,125,38200,290,61,7,68,204,175,250,10,M 16 x 45,933,10.9,1976,297,0.3044866,21.9
3171,interference,shrink_disc_2part,TAS_SCHAEFER_catalog,175,135,46000,300,60,8,68,214,185,250,12,M 16 x 50,933,10.9,1910,345,0.3444253,22.8
3171,interference,shrink_disc_2part,TAS_SCHAEFER_catalog,185,145,66700,330,77,8,85,226,194,250,14,M 16 x 50,933,10.9,1736,278,0.6464885,36.1
3171,interference,shrink_disc_2part,TAS_SCHAEFER_catalog,195,150,82000,350,77,8,85,240,205,250,16,M 16 x 50,933,10.9,1637,300,0.8151453,40.6
3171,interference,shrink_disc_2part,TAS_SCHAEFER_catalog,200,155,83600,350,77,8,85,240,205,250,16,M 16 x 50,933,10.9,1637,300,0.805882,39.7
3171,interference,shrink_disc_2part,TAS_SCHAEFER_catalog,220,165,109000,370,94,10,104,270,226,490,16,M 20 x 60,933,10.9,1549,342,1.2075884,52.1
3171,interference,shrink_disc_2part,TAS_SCHAEFER_catalog,240,180,140000,405,97,10,107,296,246,490,18,M 20 x 60,933,10.9,1415,342,1.8077432,65.3
3171,interference,shrink_disc_2part,TAS_SCHAEFER_catalog,260,200,184000,430,109,10,119,318,266,490,21,M 20 x 60,933,10.9,1332,319,2.5259772,80
3171,interference,shrink_disc_2part,TAS_SCHAEFER_catalog,280,220,240000,460,124,10,134,340,287,490,22,M 20 x 60,933,10.9,1246,269,3.6716977,101
3171,interference,shrink_disc_2part,TAS_SCHAEFER_catalog,300,230,300000,485,132,10,142,360,307,840,20,M 24 x 70,933,10.9,1181,323,4.7555885,117
3171,interference,shrink_disc_2part,TAS_SCHAEFER_catalog,320,250,332000,520,133,10,143,380,327,840,21,M 24 x 70,933,10.9,1102,319,6.2826175,135
3171,interference,shrink_disc_2part,TAS_SCHAEFER_catalog,340,260,427000,570,146,12,158,402,348,840,22,M 24 x 80,931,10.9,1005,278,10.2530016,186
3171,interference,shrink_disc_2part,TAS_SCHAEFER_catalog,360,280,539000,590,150,12,162,424,368,840,24,M 24 x 80,931,10.9,971,278,11.9213225,200
3171,interference,shrink_disc_2part,TAS_SCHAEFER_catalog,380,290,536000,635,149,14,163,448,388,1250,18,M 27 x 80,933,10.9,902,258,16.5612857,242
3171,interference,shrink_disc_2part,TAS_SCHAEFER_catalog,390,300,561000,650,152,14,166,458,398,1250,18,M 27 x 80,933,10.9,881,252,18.1541897,253
3171,interference,shrink_disc_2part,TAS_SCHAEFER_catalog,400,310,648000,660,158,15,173,475,410,1250,20,M 27 x 80,931,10.9,868,255,20.3512933,273
3171,interference,shrink_disc_2part,TAS_SCHAEFER_catalog,420,330,731300,690,171,15,186,495,430,1250,21,M 27 x 80,931,10.9,830,236,25.7145823,315
3171,interference,shrink_disc_2part,TAS_SCHAEFER_catalog,440,350,912000,740,181,15,196,516,448,1250,24,M 27 x 80,931,10.9,774,243,36.37552,393
3171,interference,shrink_disc_2part,TAS_SCHAEFER_catalog,460,370,1026000,770,181,15,196,536,468,1250,25,M 27 x 80,933,10.9,744,243,42.5268672,423
3171,interference,shrink_disc_2part,TAS_SCHAEFER_catalog,480,390,1177000,800,201,15,216,556,488,1250,27,M 27 x 80,933,10.9,716,223,54.3812311,500
3171,interference,shrink_disc_2part,TAS_SCHAEFER_catalog,500,410,1288000,850,201,15,216,580,510,1250,28,M 27 x 80,933,10.9,674,222,70.0908985,577
3171,interference,shrink_disc_2part,TAS_SCHAEFER_catalog,530,440,1660000,910,223,15,238,616,538,1700,27,M 30 x 90,931,10.9,630,219,102.5969192,740
3171,interference,shrink_disc_2part,TAS_SCHAEFER_catalog,560,460,2083000,940,223,22,245,646,568,1700,28,M 30 x 90,931,10.9,610,250,115.37142,771
3171,interference,shrink_disc_2part,TAS_SCHAEFER_catalog,590,480,2140000,950,240,23,263,670,598,1700,28,M 30 x 100,931,10.9,597,219,126.59661,810
3171,interference,shrink_disc_2part,TAS_SCHAEFER_catalog,620,510,2560000,970,268,23,291,716,630,1700,28,M 30 x 100,931,10.9,562,206,149.62953,904
3171,interference,shrink_disc_2part,TAS_SCHAEFER_catalog,640,530,2372000,970,269,18,287,736,650,1700,28,M 30 x 100,931,10.9,562,178,145.57015,862
3171,interference,shrink_disc_2part,TAS_SCHAEFER_catalog,660,550,2830000,1020,270,22,292,770,670,2200,28,M 33 x 110,931,10.9,535,195,182.44888,989
3371,interference,shrink_disc_2part,TAS_SCHAEFER_catalog,,9,20,,,,,,,,,,,,,,,
3371,interference,shrink_disc_2part,TAS_SCHAEFER_catalog,12,10,40,35,10,4,14,24,13,12,3,M6x10,933,10.9,16370,274,1.20E-05,0.1
3371,interference,shrink_disc_2part,TAS_SCHAEFER_catalog,,,,,,,,,,,,,,,,,,
3371,interference,shrink_disc_2part,TAS_SCHAEFER_catalog,,11,30,,,,,,,,,,,,,,,
3371,interference,shrink_disc_2part,TAS_SCHAEFER_catalog,14,12,50,38,10,4,14,26,15,12,3,M6x16,933,10.9,15078,241,1.70E-05,0.1
3371,interference,shrink_disc_2part,TAS_SCHAEFER_catalog,,,,,,,,,,,,,,,,,,
3371,interference,shrink_disc_2part,TAS_SCHAEFER_catalog,,13,70,,,,,,,,,,,,,,,
3371,interference,shrink_disc_2part,TAS_SCHAEFER_catalog,16,14,90,41,13.5,4,17,28,17,12,3,M6x16,933,10.9,13975,232,3.00E-05,0.1
3371,interference,shrink_disc_2part,TAS_SCHAEFER_catalog,,,,,,,,,,,,,,,,,,
3371,interference,shrink_disc_2part,TAS_SCHAEFER_catalog,,15,80,,,,,,,,,,,,,,,
3371,interference,shrink_disc_2part,TAS_SCHAEFER_catalog,18,16,110,44,13.5,4,17,30,19,12,4,M6x16,933,10.9,13022,191,4.00E-05,0.1
3371,interference,shrink_disc_2part,TAS_SCHAEFER_catalog,,,,,,,,,,,,,,,,,,
3371,interference,shrink_disc_2part,TAS_SCHAEFER_catalog,,17,150,,,,,,,,,,,,,,,
3371,interference,shrink_disc_2part,TAS_SCHAEFER_catalog,20,18,180,47,13.5,4,17,32,21,12,4,M6x16,933,10.9,12191,233,5.10E-05,0.2
3371,interference,shrink_disc_2part,TAS_SCHAEFER_catalog,,,,,,,,,,,,,,,,,,
3371,interference,shrink_disc_2part,TAS_SCHAEFER_catalog,,19,160,,,,,,,,,,,,,,,
3371,interference,shrink_disc_2part,TAS_SCHAEFER_catalog,24,20,200,48,14,4,19,36,26,12,5,M6x16,933,10.9,11937,217,6.00E-05,0.2
3371,interference,shrink_disc_2part,TAS_SCHAEFER_catalog,,22,280,,,,,,,,,,,,,,,
3371,interference,shrink_disc_2part,TAS_SCHAEFER_catalog,,24,270,,,,,,,,,,,,,,,
3371,interference,shrink_disc_2part,TAS_SCHAEFER_catalog,30,25,320,60,16,4,21,44,32,12,6,M6x16,933,10.9,9549,189,0.000164,0.4
3371,interference,shrink_disc_2part,TAS_SCHAEFER_catalog,,26,360,,,,,,,,,,,,,,,
3371,interference,shrink_disc_2part,TAS_SCHAEFER_catalog,,28,490,,,,,,,,,,,,,,,
3371,interference,shrink_disc_2part,TAS_SCHAEFER_catalog,36,30,610,72,18,4,22,52,38,30,5,M8x20,933,10.9,7958,208,0.00036,0.5
3371,interference,shrink_disc_2part,TAS_SCHAEFER_catalog,,33,820,,,,,,,,,,,,,,,
3371,interference,shrink_disc_2part,TAS_SCHAEFER_catalog,,35,690,,,,,,,,,,,,,,,
3371,interference,shrink_disc_2part,TAS_SCHAEFER_catalog,44,35,770,80,20,5,26,61,47,30,6,M8x20,933,10.9,7162,185,0.000615,0.7
3371,interference,shrink_disc_2part,TAS_SCHAEFER_catalog,,36,840,,,,,,,,,,,,,,,
3371,interference,shrink_disc_2part,TAS_SCHAEFER_catalog,,38,1.1,,,,,,,,,,,,,,,
3371,interference,shrink_disc_2part,TAS_SCHAEFER_catalog,50,40,1.29,90,22,5,28,68,53,30,8,M8x20,933,10.9,6366,202,0.00107,0.9
3371,interference,shrink_disc_2part,TAS_SCHAEFER_catalog,,42,1.5,,,,,,,,,,,,,,,
3371,interference,shrink_disc_2part,TAS_SCHAEFER_catalog,55,42,1.23,100,23,5,28,72,58,30,8,M8x20,933,10.9,5730,187,0.001638,
3371,interference,shrink_disc_2part,TAS_SCHAEFER_catalog,,45,1.53,,,,,,,,,,,,,,,1.2
3371,interference,shrink_disc_2part,TAS_SCHAEFER_catalog,,48,1.86,,,,,,,,,,,,,,,
3371,interference,shrink_disc_2part,TAS_SCHAEFER_catalog,62,48,1.67,,,,,,,,,,,,,,,
3371,interference,shrink_disc_2part,TAS_SCHAEFER_catalog,,50,1.89,110,23,5,28,80,66,30,9,M8x20,933,10.9,5209,183,0.002374,1.4
3371,interference,shrink_disc_2part,TAS_SCHAEFER_catalog,,52,2.12,,,,,,,,,,,,,,,
3371,interference,shrink_disc_2part,TAS_SCHAEFER_catalog,68,50,1.87,,,,,,,,,,,,,,,
3371,interference,shrink_disc_2part,TAS_SCHAEFER_catalog,,55,2.45,115,23,5,28,86,72,30,9,M8x20,933,10.9,4982,192,0.002769,1.4
3371,interference,shrink_disc_2part,TAS_SCHAEFER_catalog,,60,3.12,,,,,,,,,,,,,,,
3371,interference,shrink_disc_2part,TAS_SCHAEFER_catalog,75,55,2.33,,,,,,,,,,,,,,,
3371,interference,shrink_disc_2part,TAS_SCHAEFER_catalog,,60,3.02,138,25,5,30,100,79,59,10,M10x025,933,10.9,4152,187,0.006467,2.5
3371,interference,shrink_disc_2part,TAS_SCHAEFER_catalog,,65,3.8,,,,,,,,,,,,,,,
3371,interference,shrink_disc_2part,TAS_SCHAEFER_catalog,,60,3.19,,,,,,,,,,,,,,,
3371,interference,shrink_disc_2part,TAS_SCHAEFER_catalog,80,65,4,141,25,6,31,104,84,59,10,M10x025,933,10.9,4064,199,0.006922,2.5
3371,interference,shrink_disc_2part,TAS_SCHAEFER_catalog,,70,4.9,,,,,,,,,,,,,,,
3371,interference,shrink_disc_2part,TAS_SCHAEFER_catalog,,65,5.4,,,,,,,,,,,,,,,
3371,interference,shrink_disc_2part,TAS_SCHAEFER_catalog,90,70,6.5,155,30,6,36,114,94,59,10,M10x025,933,10.9,3697,230,0.011917,3.5
3371,interference,shrink_disc_2part,TAS_SCHAEFER_catalog,,75,7.8,,,,,,,,,,,,,,,
3371,interference,shrink_disc_2part,TAS_SCHAEFER_catalog,100,70,6,,,,,,,,,,,,,,,
3371,interference,shrink_disc_2part,TAS_SCHAEFER_catalog,,75,7.2,170,34,6,40,124,104,59,12,M10x025,933,10.9,3370,201,0.019335,4.7
3371,interference,shrink_disc_2part,TAS_SCHAEFER_catalog,,80,8.5,,,,,,,,,,,,,,,
3371,interference,shrink_disc_2part,TAS_SCHAEFER_catalog,110,80,10,,,,,,,,,,,,,,,
3371,interference,shrink_disc_2part,TAS_SCHAEFER_catalog,,85,11.7,185,39,7,46,137,114,100,12,M12x30,933,10.9,3097,209,0.030806,6.3
3371,interference,shrink_disc_2part,TAS_SCHAEFER_catalog,,90,13.6,,,,,,,,,,,,,,,
3371,interference,shrink_disc_2part,TAS_SCHAEFER_catalog,120,85,11.9,,,,,,,,,,,,,,,
3371,interference,shrink_disc_2part,TAS_SCHAEFER_catalog,,90,13.8,197,42,7,49,147,126,100,12,M12x30,933,10.9,2908,210,0.041964,7.4
3371,interference,shrink_disc_2part,TAS_SCHAEFER_catalog,,95,15.9,,,,,,,,,,,,,,,
3371,interference,shrink_disc_2part,TAS_SCHAEFER_catalog,125,90,14.4,,,,,,,,,,,,,,,
3371,interference,shrink_disc_2part,TAS_SCHAEFER_catalog,,95,16.5,215,42,7,49,152,129,100,12,M12x30,933,10.9,2665,220,0.061151,9.3
3371,interference,shrink_disc_2part,TAS_SCHAEFER_catalog,,100,18.7,,,,,,,,,,,,,,,
3371,interference,shrink_disc_2part,TAS_SCHAEFER_catalog,135,95,18.1,,,,,,,,,,,,,,,
3371,interference,shrink_disc_2part,TAS_SCHAEFER_catalog,,100,20.6,230,46,8,54,165,139,160,10,M14x040,933,10.9,2491,225,0.087099,11.5
3371,interference,shrink_disc_2part,TAS_SCHAEFER_catalog,,110,26,,,,,,,,,,,,,,,
3371,interference,shrink_disc_2part,TAS_SCHAEFER_catalog,140,100,19.6,,,,,,,,,,,,,,,
3371,interference,shrink_disc_2part,TAS_SCHAEFER_catalog,,105,22.1,230,46,8,54,172,146,160,12,M14x040,933,10.9,2491,217,0.085262,11.1
3371,interference,shrink_disc_2part,TAS_SCHAEFER_catalog,,115,27.6,,,,,,,,,,,,,,,
3371,interference,shrink_disc_2part,TAS_SCHAEFER_catalog,155,110,26.5,,,,,,,,,,,,,,,
3371,interference,shrink_disc_2part,TAS_SCHAEFER_catalog,,115,29.5,263,50,8,58,186,159,160,12,M14x040,933,10.9,2179,220,0.161225,15.9
3371,interference,shrink_disc_2part,TAS_SCHAEFER_catalog,,125,36.1,,,,,,,,,,,,,,,
3371,interference,shrink_disc_2part,TAS_SCHAEFER_catalog,165,120,37.3,,,,,,,,,,,,,,,
3371,interference,shrink_disc_2part,TAS_SCHAEFER_catalog,,125,41.2,290,56,10,66,198,169,250,12,M16x040,933,10.9,1976,226,0.271183,22.2
3371,interference,shrink_disc_2part,TAS_SCHAEFER_catalog,,135,49.6,,,,,,,,,,,,,,,
3371,interference,shrink_disc_2part,TAS_SCHAEFER_catalog,175,130,45,,,,,,,,,,,,,,,
3371,interference,shrink_disc_2part,TAS_SCHAEFER_catalog,,135,49,300,56,10,66,208,179,250,12,M16x040,933,10.9,1910,230,0.306754,23.3
3371,interference,shrink_disc_2part,TAS_SCHAEFER_catalog,,145,58,,,,,,,,,,,,,,,
3371,interference,shrink_disc_2part,TAS_SCHAEFER_catalog,185,140,64,,,,,,,,,,,,,,,
3371,interference,shrink_disc_2part,TAS_SCHAEFER_catalog,,145,70,320,71,11,82,222,191,250,16,M16x050,933,10.9,1790,221,0.50392,33.3
3371,interference,shrink_disc_2part,TAS_SCHAEFER_catalog,,155,82,,,,,,,,,,,,,,,
3371,interference,shrink_disc_2part,TAS_SCHAEFER_catalog,200,150,80,,,,,,,,,,,,,,,
3371,interference,shrink_disc_2part,TAS_SCHAEFER_catalog,,155,87,340,71,13,84,238,206,250,16,M16x050,933,10.9,1685,241,0.636412,36.9
3371,interference,shrink_disc_2part,TAS_SCHAEFER_catalog,,165,100,,,,,,,,,,,,,,,
3371,interference,shrink_disc_2part,TAS_SCHAEFER_catalog,220,160,103,,,,,,,,,,,,,,,
3371,interference,shrink_disc_2part,TAS_SCHAEFER_catalog,,170,119,370,93,14,107,270,230,490,15,M20x060,933,10.9,1549,212,1.31,51.5
3371,interference,shrink_disc_2part,TAS_SCHAEFER_catalog,,180,136,,,,,,,,,,,,,,,
3371,interference,shrink_disc_2part,TAS_SCHAEFER_catalog,240,170,122,,,,,,,,,,,,,,,
3371,interference,shrink_disc_2part,TAS_SCHAEFER_catalog,,180,140,405,95,14,109,288,248,490,16,M20x060,933,10.9,1415,217,1.7,63.9
3371,interference,shrink_disc_2part,TAS_SCHAEFER_catalog,,200,179,,,,,,,,,,,,,,,
3371,interference,shrink_disc_2part,TAS_SCHAEFER_catalog,260,190,163,,,,,,,,,,,,,,,
3371,interference,shrink_disc_2part,TAS_SCHAEFER_catalog,,200,184,430,105,14,119,306,268,490,15,M20x060,933,10.9,1332,208,2.36,77.5
3371,interference,shrink_disc_2part,TAS_SCHAEFER_catalog,,220,231,,,,,,,,,,,,,,,
3371,interference,shrink_disc_2part,TAS_SCHAEFER_catalog,280,210,215,,,,,,,,,,,,,,,
3371,interference,shrink_disc_2part,TAS_SCHAEFER_catalog,,220,240,460,114,15,129,328,288,490,16,M20x060,933,10.9,1246,204,3.34,94.7
3371,interference,shrink_disc_2part,TAS_SCHAEFER_catalog,,240,295,,,,,,,,,,,,,,,
3371,interference,shrink_disc_2part,TAS_SCHAEFER_catalog,300,220,270,,,,,,,,,,,,,,,
3371,interference,shrink_disc_2part,TAS_SCHAEFER_catalog,,230,300,485,123,17,140,354,308,820,16,M24x070,933,10.9,1181,215,4.4,112
3371,interference,shrink_disc_2part,TAS_SCHAEFER_catalog,,250,363,,,,,,,,,,,,,,,
3371,interference,shrink_disc_2part,TAS_SCHAEFER_catalog,320,240,301,,,,,,,,,,,,,,,
3371,interference,shrink_disc_2part,TAS_SCHAEFER_catalog,,250,332,520,125,16,141,380,328,820,18,M24x070,933,10.9,1102,197,5.93,133
3371,interference,shrink_disc_2part,TAS_SCHAEFER_catalog,,270,398,,,,,,,,,,,,,,,
3371,interference,shrink_disc_2part,TAS_SCHAEFER_catalog,340,250,390,,,,,,,,,,,,,,,
3371,interference,shrink_disc_2part,TAS_SCHAEFER_catalog,,260,427,570,134,17,151,402,349,820,18,M24x070,933,10.9,1005,223,9.35,177
3371,interference,shrink_disc_2part,TAS_SCHAEFER_catalog,,280,506,,,,,,,,,,,,,,,
3371,interference,shrink_disc_2part,TAS_SCHAEFER_catalog,350,270,493,,,,,,,,,,,,,,,
3371,interference,shrink_disc_2part,TAS_SCHAEFER_catalog,,280,535,580,140,18,158,414,365,820,20,M24x070,933,10.9,988,223,10.4,190
3371,interference,shrink_disc_2part,TAS_SCHAEFER_catalog,,290,580,,,,,,,,,,,,,,,
3371,interference,shrink_disc_2part,TAS_SCHAEFER_catalog,360,270,496,,,,,,,,,,,,,,,
3371,interference,shrink_disc_2part,TAS_SCHAEFER_catalog,,280,539,590,140,18,158,424,369,820,20,M24x070,933,10.9,971,226,11.06,194
3371,interference,shrink_disc_2part,TAS_SCHAEFER_catalog,,300,631,,,,,,,,,,,,,,,
3371,interference,shrink_disc_2part,TAS_SCHAEFER_catalog,380,290,585,,,,,,,,,,,,,,,
3371,interference,shrink_disc_2part,TAS_SCHAEFER_catalog,,300,632,640,146,18,164,444,388,1210,18,M27x070,933,10.9,895,219,16.23,244
3371,interference,shrink_disc_2part,TAS_SCHAEFER_catalog,,310,681,,,,,,,,,,,,,,,
3371,interference,shrink_disc_2part,TAS_SCHAEFER_catalog,390,290,640,,,,,,,,,,,,,,,
3371,interference,shrink_disc_2part,TAS_SCHAEFER_catalog,,300,691,645,146,19,165,454,398,1210,18,M27x080,933,10.9,888,240,16.56,243
3371,interference,shrink_disc_2part,TAS_SCHAEFER_catalog,,320,799,,,,,,,,,,,,,,,
3371,interference,shrink_disc_2part,TAS_SCHAEFER_catalog,420,320,742,,,,,,,,,,,,,,,
3371,interference,shrink_disc_2part,TAS_SCHAEFER_catalog,,330,797,670,167,19,186,490,428,1210,18,M27x080,933,10.9,855,201,21.51,286
3371,interference,shrink_disc_2part,TAS_SCHAEFER_catalog,,350,912,,,,,,,,,,,,,,,
3371,interference,shrink_disc_2part,TAS_SCHAEFER_catalog,440,340,945,,,,,,,,,,,,,,,
3371,interference,shrink_disc_2part,TAS_SCHAEFER_catalog,,350,,710,174,23,197,506,448,1210,21,M27x080,933,10.9,807,215,28.49,339
3371,interference,shrink_disc_2part,TAS_SCHAEFER_catalog,,370,,,,,,,,,,,,,,,,
3371,interference,shrink_disc_2part,TAS_SCHAEFER_catalog,460,360,,,,,,,,,,,,,,,,
3371,interference,shrink_disc_2part,TAS_SCHAEFER_catalog,,370,,745,174,24,198,534,470,1210,21,M27x090,933,10.9,769,223,34.62,375
3371,interference,shrink_disc_2part,TAS_SCHAEFER_catalog,,390,,,,,,,,,,,,,,,,
3371,interference,shrink_disc_2part,TAS_SCHAEFER_catalog,480,380,,,,,,,,,,,,,,,,
3371,interference,shrink_disc_2part,TAS_SCHAEFER_catalog,,390,,770,192,25,217,552,488,1640,20,M30x090,933,10.9,744,219,43.28,437
3371,interference,shrink_disc_2part,TAS_SCHAEFER_catalog,,410,,,,,,,,,,,,,,,,
3371,interference,shrink_disc_2part,TAS_SCHAEFER_catalog,500,400,,,,,,,,,,,,,,,,
3371,interference,shrink_disc_2part,TAS_SCHAEFER_catalog,,410,,800,192,26,218,572,508,1640,21,M30x090,933,10.9,716,219,50.34,470
3371,interference,shrink_disc_2part,TAS_SCHAEFER_catalog,,430,,,,,,,,,,,,,,,,
3371,interference,shrink_disc_2part,TAS_SCHAEFER_catalog,530,430,,,,,,,,,,,,,,,,
3371,interference,shrink_disc_2part,TAS_SCHAEFER_catalog,,440,,845,213,30,243,606,541,1640,24,M30x100,933,10.9,678,220,69.62,576
3371,interference,shrink_disc_2part,TAS_SCHAEFER_catalog,,460,,,,,,,,,,,,,,,,
3371,interference,shrink_disc_2part,TAS_SCHAEFER_catalog,560,450,,,,,,,,,,,,,,,,
3371,interference,shrink_disc_2part,TAS_SCHAEFER_catalog,,460,,900,213,30,243,632,568,1640,24,M30x100,933,10.9,637,218,90.11,660
3371,interference,shrink_disc_2part,TAS_SCHAEFER_catalog,,480,,,,,,,,,,,,,,,,
3371,interference,shrink_disc_2part,TAS_SCHAEFER_catalog,590,470,,,,,,,,,,,,,,,,
3371,interference,shrink_disc_2part,TAS_SCHAEFER_catalog,,480,,950,230,31,261,664,598,1640,28,M30x100,933,10.9,603,228,120.87,821
3371,interference,shrink_disc_2part,TAS_SCHAEFER_catalog,,500,,,,,,,,,,,,,,,,
3371,interference,shrink_disc_2part,TAS_SCHAEFER_catalog,620,500,,,,,,,,,,,,,,,,
3371,interference,shrink_disc_2part,TAS_SCHAEFER_catalog,,520,,960,254,33,287,706,630,1640,28,M30x100,933,10.9,597,204,134.96,872
3371,interference,shrink_disc_2part,TAS_SCHAEFER_catalog,,540,,,,,,,,,,,,,,,,
3371,interference,shrink_disc_2part,TAS_SCHAEFER_catalog,660,530,,,,,,,,,,,,,,,,
3371,interference,shrink_disc_2part,TAS_SCHAEFER_catalog,,550,,1020,260,35,295,748,670,2200,24,M33x110,933,10.9,562,204,175.74,1004
3371,interference,shrink_disc_2part,TAS_SCHAEFER_catalog,,570,,,,,,,,,,,,,,,,
3371,interference,shrink_disc_2part,TAS_SCHAEFER_catalog,700,560,,,,,,,,,,,,,,,,
3371,interference,shrink_disc_2part,TAS_SCHAEFER_catalog,,580,,1080,260,37,297,782,710,2200,28,M33x120,933,10.9,531,208,220.57,1141
3371,interference,shrink_disc_2part,TAS_SCHAEFER_catalog,,600,,,,,,,,,,,,,,,,
3371,interference,shrink_disc_2part,TAS_SCHAEFER_catalog,750,600,,,,,,,,,,,,,,,,
3371,interference,shrink_disc_2part,TAS_SCHAEFER_catalog,,620,,1150,278,41,319,848,760,2200,32,M33x120,933,10.9,498,213,301.41,1346
3371,interference,shrink_disc_2part,TAS_SCHAEFER_catalog,,650,,,,,,,,,,,,,,,,
3371,interference,shrink_disc_2part,TAS_SCHAEFER_catalog,800,640,,,,,,,,,,,,,,,,
3371,interference,shrink_disc_2part,TAS_SCHAEFER_catalog,,660,,1230,296,42,338,900,810,2200,32,M33x130,933,10.9,466,207,420.8,1646
3371,interference,shrink_disc_2part,TAS_SCHAEFER_catalog,,700,,,,,,,,,,,,,,,,
3371,interference,shrink_disc_2part,TAS_SCHAEFER_catalog,850,650,,,,,,,,,,,,,,,,
3371,interference,shrink_disc_2part,TAS_SCHAEFER_catalog,,700,,1300,315,44,359,950,860,2850,30,M36x130,933,10.9,441,201,555.97,1942
3371,interference,shrink_disc_2part,TAS_SCHAEFER_catalog,,730,,,,,,,,,,,,,,,,
3371,interference,shrink_disc_2part,TAS_SCHAEFER_catalog,900,700,,,,,,,,,,,,,,,,
3371,interference,shrink_disc_2part,TAS_SCHAEFER_catalog,,730,,1350,332,47,379,1000,915,2850,32,M36x140,933,10.9,424,192,668.94,2142
3371,interference,shrink_disc_2part,TAS_SCHAEFER_catalog,,760,,,,,,,,,,,,,,,,
3371,interference,shrink_disc_2part,TAS_SCHAEFER_catalog,950,750,,,,,,,,,,,,,,,,
3371,interference,shrink_disc_2part,TAS_SCHAEFER_catalog,,780,,1400,360,49,409,1050,965,2850,36,M36x140,933,10.9,409,183,823.4,2425
3371,interference,shrink_disc_2part,TAS_SCHAEFER_catalog,,820,,,,,,,,,,,,,,,,
3371,interference,shrink_disc_2part,TAS_SCHAEFER_catalog,1000,800,,,,,,,,,,,,,,,,
3371,interference,shrink_disc_2part,TAS_SCHAEFER_catalog,,830,,1420,380,60,440,1100,1020,2850,36,M36x160,933,10.9,402,175,880.02,2740
3371,interference,shrink_disc_2part,TAS_SCHAEFER_catalog,,860,,,,,,,,,,,,,,,,
3371,interference,shrink_disc_2part,TAS_SCHAEFER_catalog,1050,850,,,,,,,,,,,,,,,,
3371,interference,shrink_disc_2part,TAS_SCHAEFER_catalog,,880,,1520,400,58,458,1150,1070,2850,36,M36x160,933,10.9,377,173,1245.24,3078
3371,interference,shrink_disc_2part,TAS_SCHAEFER_catalog,,920,,,,,,,,,,,,,,,,
3371,interference,shrink_disc_2part,TAS_SCHAEFER_catalog,1100,900,,,,,,,,,,,,,,,,
3371,interference,shrink_disc_2part,TAS_SCHAEFER_catalog,,930,,1570,430,61,491,1200,1120,2850,40,M36x170,933,10.9,365,166,1496.97,3438
3371,interference,shrink_disc_2part,TAS_SCHAEFER_catalog,,960,,,,,,,,,,,,,,,,
3371,interference,shrink_disc_2part,TAS_SCHAEFER_catalog,1200,940,,,,,,,,,,,,,,,,
3371,interference,shrink_disc_2part,TAS_SCHAEFER_catalog,,1000,,1630,460,66,526,1300,1220,2850,40,M36x180,933,10.9,352,143,1730.72,3566
3371,interference,shrink_disc_2part,TAS_SCHAEFER_catalog,,1050,,,,,,,,,,,,,,,,
